<?xml version="1.0" encoding="UTF-8"?><rss version="2.0"
	xmlns:content="http://purl.org/rss/1.0/modules/content/"
	xmlns:wfw="http://wellformedweb.org/CommentAPI/"
	xmlns:dc="http://purl.org/dc/elements/1.1/"
	xmlns:atom="http://www.w3.org/2005/Atom"
	xmlns:sy="http://purl.org/rss/1.0/modules/syndication/"
	xmlns:slash="http://purl.org/rss/1.0/modules/slash/"
	>

<channel>
	<title>Sách &#8211; Tin Tức Mỗi Ngày</title>
	<atom:link href="http://localhost/cms/category/giai-tri/sach/feed/?simply_static_page=198" rel="self" type="application/rss+xml" />
	<link>https://trongnhan293.github.io/DailyNews</link>
	<description></description>
	<lastBuildDate>Sun, 17 Sep 2023 09:33:33 +0000</lastBuildDate>
	<language>en-US</language>
	<sy:updatePeriod>
	hourly	</sy:updatePeriod>
	<sy:updateFrequency>
	1	</sy:updateFrequency>
	<generator>https://wordpress.org/?v=6.3.1</generator>
	<item>
		<title>Ấn Độ kiêu hãnh trong &#8216;Những đứa con của nửa đêm&#8217;</title>
		<link>https://trongnhan293.github.io/DailyNews/trang-chu/an-do-kieu-hanh-trong-nhung-dua-con-cua-nua-dem/</link>
					<comments>https://trongnhan293.github.io/DailyNews/trang-chu/an-do-kieu-hanh-trong-nhung-dua-con-cua-nua-dem/#respond</comments>
		
		<dc:creator><![CDATA[LeTrongNhan]]></dc:creator>
		<pubDate>Mon, 11 Sep 2023 03:46:25 +0000</pubDate>
				<category><![CDATA[Giải trí]]></category>
		<category><![CDATA[Sách]]></category>
		<category><![CDATA[Trang chủ]]></category>
		<guid isPermaLink="false">https://trongnhan293.github.io/DailyNews/?p=106</guid>

					<description><![CDATA[Qua góc nhìn của nhân vật Saleem Sinai, biên niên sử Ấn Độ được kể lại vừa đau thương vừa kiêu hãnh trong &#8220;Những đứa con của nửa đêm&#8221;. Tác phẩm của...]]></description>
										<content:encoded><![CDATA[<p class="description"><span style="font-family: 'times new roman', times;">Qua góc nhìn của nhân vật Saleem Sinai, biên niên sử Ấn Độ được kể lại vừa đau thương vừa kiêu hãnh trong &#8220;Những đứa con của nửa đêm&#8221;.</span></p>
<article class="fck_detail ">
<p class="Normal"><span style="font-family: 'times new roman', times;">Tác phẩm của nhà văn Salman Rushdie được kể ở ngôi thứ nhất, về chàng trai Saleem Sinai, một trong 1.001 đứa trẻ có sức mạnh thần kỳ do được sinh ra vào đúng thời khắc Ấn Độ giành độc lập, ngày 15/8/1947.</span></p>
<figure class="tplCaption action_thumb_added" data-size="true">
<div class="fig-picture"><span style="font-family: 'times new roman', times;"><picture><source srcset="https://i1-giaitri.vnecdn.net/2023/08/18/nhung-dua-con-cua-nua-dem-1-16-3479-4598-1692350153.jpg?w=680&amp;h=0&amp;q=100&amp;dpr=1&amp;fit=crop&amp;s=DdfPsDNxsJeKchExbFd-Mw 1x, https://i1-giaitri.vnecdn.net/2023/08/18/nhung-dua-con-cua-nua-dem-1-16-3479-4598-1692350153.jpg?w=1020&amp;h=0&amp;q=100&amp;dpr=1&amp;fit=crop&amp;s=OKhbLO_5xh1f8FIBffOx3g 1.5x, https://i1-giaitri.vnecdn.net/2023/08/18/nhung-dua-con-cua-nua-dem-1-16-3479-4598-1692350153.jpg?w=680&amp;h=0&amp;q=100&amp;dpr=2&amp;fit=crop&amp;s=7GUBVI52c_zAkjVpfipgnQ 2x" data-srcset="https://i1-giaitri.vnecdn.net/2023/08/18/nhung-dua-con-cua-nua-dem-1-16-3479-4598-1692350153.jpg?w=680&amp;h=0&amp;q=100&amp;dpr=1&amp;fit=crop&amp;s=DdfPsDNxsJeKchExbFd-Mw 1x, https://i1-giaitri.vnecdn.net/2023/08/18/nhung-dua-con-cua-nua-dem-1-16-3479-4598-1692350153.jpg?w=1020&amp;h=0&amp;q=100&amp;dpr=1&amp;fit=crop&amp;s=OKhbLO_5xh1f8FIBffOx3g 1.5x, https://i1-giaitri.vnecdn.net/2023/08/18/nhung-dua-con-cua-nua-dem-1-16-3479-4598-1692350153.jpg?w=680&amp;h=0&amp;q=100&amp;dpr=2&amp;fit=crop&amp;s=7GUBVI52c_zAkjVpfipgnQ 2x" /><img decoding="async" class="lazy lazied" src="https://i1-giaitri.vnecdn.net/2023/08/18/nhung-dua-con-cua-nua-dem-1-16-3479-4598-1692350153.jpg?w=680&amp;h=0&amp;q=100&amp;dpr=1&amp;fit=crop&amp;s=DdfPsDNxsJeKchExbFd-Mw" alt="Bìa sách Những đứa con của nửa đêm. Ảnh: Nhã Nam" data-src="https://i1-giaitri.vnecdn.net/2023/08/18/nhung-dua-con-cua-nua-dem-1-16-3479-4598-1692350153.jpg?w=680&amp;h=0&amp;q=100&amp;dpr=1&amp;fit=crop&amp;s=DdfPsDNxsJeKchExbFd-Mw" data-ll-status="loaded" /></picture></span></div><figcaption>
<p class="Image"><span style="font-family: 'times new roman', times;">Bìa sách &#8220;Những đứa con của nửa đêm&#8221;. Tác phẩm dày 608 trang, do Nhã Nam liên kết với Nhà xuất bản Hội Nhà văn phát hành lần đầu 2014. Ảnh: <em>Nhã Nam</em></span></p>
</figcaption></figure>
<p class="Normal"><span style="font-family: 'times new roman', times;">Tiểu thuyết xuất bản lần đầu năm 1981, gợi mở bối cảnh Ấn Độ. Trong sách, Salman Rushdie thể hiện quan điểm phản kháng với những di sản do chủ nghĩa đế quốc phương Tây để lại ở khu vực Nam Á. Tác giả mô tả sự xâm lăng về mặt văn hóa của thực dân Anh và mối quan hệ đối nghịch giữa mẫu quốc (Anh) với thuộc địa (Ấn Độ). Rushdie viết lại lịch sử thời kỳ này như một cách tái tạo bản sắc của dân tộc, lên án những mưu đồ cùng vết thương in hằn trên quê hương của nhà văn.</span></p>
<p class="Normal"><span style="font-family: 'times new roman', times;">Khoảng thời gian Sinai trưởng thành trong 31 năm là giai đoạn hoàn thiện và chia rẽ của tiểu lục địa Ấn Độ với các sự kiện chính trị, như thảm sát Jallianwala Bagh, chính biến ở Pakistan, Ấn Độ độc lập và chia cắt, chiến tranh Ấn Độ &#8211; Pakistan &#8211; Bangladesh. Tác phẩm vừa thách thức, vừa hấp dẫn người đọc, như cuộc đối đầu của thế giới ngôn từ, nhân vật, chủ đề, nội dung và hình thức trần thuật.</span></p>
<p class="Normal"><span style="font-family: 'times new roman', times;">Truyện mang yếu tố huyền ảo, thể hiện qua phép thuật của 1.001 đứa trẻ, như thuật đọc tâm, biến thành người sói, hoán đổi giới tính, năng lực tìm ra nguồn nước cho đến năng lực chữa lành vết thương, thuật biến đá thành vàng. Bút pháp hiện thực huyền ảo và khả năng tưởng tượng của Rushdie được vận dụng vào sách, cho thấy kỹ năng kể chuyện, sắp xếp bố cục tiểu thuyết. Yếu tố này đã khiến tác phẩm khác biệt với các tiểu thuyết lịch sử chính thống, phá vỡ quan niệm về &#8220;sự thật&#8221; trong lịch sử.</span></p>
<p class="Normal"><span style="font-family: 'times new roman', times;">Song song với việc kể chuyện, Rushdie thể hiện những nét đẹp về triết lý tôn giáo, truyền thống văn hóa thịnh vượng bậc nhất của tiểu lục địa này. Tác giả thỏa niềm mong muốn được gắn kết với quê hương, khẳng định mình là một nhà văn Ấn Độ dù sinh sống ở nước ngoài. Theo Rushdie, khi độc giả cảm nhận sự sống động của lịch sử Ấn Độ trong tác phẩm, họ sẽ đồng cảm với vẻ đẹp lẫn niềm đau và sự kiên cường của dân tộc này.</span></p>
<figure class="tplCaption action_thumb_added" data-size="true">
<div class="fig-picture"><span style="font-family: 'times new roman', times;"><picture><source srcset="https://i1-giaitri.vnecdn.net/2023/08/21/midnights-children-6631-1692609030.jpg?w=680&amp;h=0&amp;q=100&amp;dpr=1&amp;fit=crop&amp;s=sw2_BqdtAJ9UX4Ettj-j4A 1x, https://i1-giaitri.vnecdn.net/2023/08/21/midnights-children-6631-1692609030.jpg?w=1020&amp;h=0&amp;q=100&amp;dpr=1&amp;fit=crop&amp;s=sX6QPCuEl-zPYsA2RfeuHw 1.5x, https://i1-giaitri.vnecdn.net/2023/08/21/midnights-children-6631-1692609030.jpg?w=680&amp;h=0&amp;q=100&amp;dpr=2&amp;fit=crop&amp;s=re2YbWHKdwiEkpdNwAWzFg 2x" data-srcset="https://i1-giaitri.vnecdn.net/2023/08/21/midnights-children-6631-1692609030.jpg?w=680&amp;h=0&amp;q=100&amp;dpr=1&amp;fit=crop&amp;s=sw2_BqdtAJ9UX4Ettj-j4A 1x, https://i1-giaitri.vnecdn.net/2023/08/21/midnights-children-6631-1692609030.jpg?w=1020&amp;h=0&amp;q=100&amp;dpr=1&amp;fit=crop&amp;s=sX6QPCuEl-zPYsA2RfeuHw 1.5x, https://i1-giaitri.vnecdn.net/2023/08/21/midnights-children-6631-1692609030.jpg?w=680&amp;h=0&amp;q=100&amp;dpr=2&amp;fit=crop&amp;s=re2YbWHKdwiEkpdNwAWzFg 2x" /><img decoding="async" class="lazy lazied" src="https://i1-giaitri.vnecdn.net/2023/08/21/midnights-children-6631-1692609030.jpg?w=680&amp;h=0&amp;q=100&amp;dpr=1&amp;fit=crop&amp;s=sw2_BqdtAJ9UX4Ettj-j4A" alt="Bìa bản tiếng Anh tiểu thuyết" data-src="https://i1-giaitri.vnecdn.net/2023/08/21/midnights-children-6631-1692609030.jpg?w=680&amp;h=0&amp;q=100&amp;dpr=1&amp;fit=crop&amp;s=sw2_BqdtAJ9UX4Ettj-j4A" data-ll-status="loaded" /></picture></span></div><figcaption>
<p class="Image"><span style="font-family: 'times new roman', times;">Bìa bản tiếng Anh tiểu thuyết &#8220;Midnight&#8217;s Children&#8221; của Salman Rushdie. Ảnh: <em>Amazon</em></span></p>
</figcaption></figure>
<p class="Normal"><span style="font-family: 'times new roman', times;">Kho tàng văn học phương Đông trong tập truyện dân gian <em>Nghìn lẻ một đêm</em>, sử thi <em>Ramayayana</em>,<em> Mahabhrata</em>, truyện ngụ ngôn <em>Chuyện kể Jataka</em> trở thành nền tảng cho sự phát triển cốt truyện <em>Những đứa con của nửa đêm</em>, tạo ra &#8220;bữa tiệc&#8221; ngôn từ rực rỡ của lịch sử, tôn giáo, văn hóa và phép thuật.<em> </em>Ở đó, có lão lái đò Tai già đến mức không biết mình bao nhiêu tuổi, chỉ nhớ rằng từng gặp qua Đấng Christ khi Ngài đến Kashmir. Có mụ gái điếm cho rằng đã sống được 512 năm, có biệt tài biến đổi được mùi cơ thể của mình giống với một người bất kỳ.</span></p>
<p class="Normal"><span style="font-family: 'times new roman', times;"><em>Những đứa con của nửa đêm</em> đoạt ba giải Man Booker, góp mặt trong các bảng xếp hạng tác phẩm hay nhất thế kỷ 20 thông qua bầu chọn của những nhà xuất bản như Modern Library hay Le Monde. Tác phẩm cũng nhận nhiều đánh giá tích cực từ các nhà phê bình. Nhà văn Malcolm Bradbury nói sách là khởi đầu mới cho dòng tiểu thuyết cuối thế kỷ 20. Tờ <em>New York Times </em>nhận định &#8220;bản đồ văn chương của Ấn Độ cần được vẽ lại. Tác phẩm vang vọng như một lục địa tìm được tiếng nói của mình&#8221;.</span></p>
<p class="Normal"><span style="font-family: 'times new roman', times;">Năm 2012, sách được nhà văn và đạo diễn Deepa Mehta đưa lên màn ảnh rộng, nhận đề cử cho Phim hay nhất và bảy hạng mục khác tại giải Canadian Screen Awards, đạt giải Kịch bản chuyển thể và giải Nữ phụ xuất sắc.</span></p>
</article>
]]></content:encoded>
					
					<wfw:commentRss>https://trongnhan293.github.io/DailyNews/trang-chu/an-do-kieu-hanh-trong-nhung-dua-con-cua-nua-dem/feed/</wfw:commentRss>
			<slash:comments>0</slash:comments>
		
		
			</item>
		<item>
		<title>&#8216;Hảo nữ Trung Hoa&#8217; &#8211; tập hồi ký bi thương</title>
		<link>https://trongnhan293.github.io/DailyNews/giai-tri/hao-nu-trung-hoa-tap-hoi-ky-bi-thuong/</link>
					<comments>https://trongnhan293.github.io/DailyNews/giai-tri/hao-nu-trung-hoa-tap-hoi-ky-bi-thuong/#respond</comments>
		
		<dc:creator><![CDATA[LeTrongNhan]]></dc:creator>
		<pubDate>Mon, 11 Sep 2023 03:42:04 +0000</pubDate>
				<category><![CDATA[Giải trí]]></category>
		<category><![CDATA[Sách]]></category>
		<guid isPermaLink="false">https://trongnhan293.github.io/DailyNews/?p=101</guid>

					<description><![CDATA[Giải trí Sách Điểm sách Thứ bảy, 26/8/2023, 16:58 (GMT+7) &#8216;Hảo nữ Trung Hoa&#8217; &#8211; tập hồi ký bi thương &#8216;Hảo nữ Trung Hoa&#8217; của tác giả Hân Nhiên ghi lại số...]]></description>
										<content:encoded><![CDATA[<div class="header-content width_common">
<ul class="breadcrumb" data-campaign="Header">
<li style="list-style-type: none;">
<ul class="breadcrumb" data-campaign="Header">
<li><span style="font-family: 'times new roman', times;"><a title="Giải trí" href="https://vnexpress.net/giai-tri" data-medium="Menu-GiaiTri" data-itm-source="#vn_source=Detail-GiaiTri_Sach_DiemSach-4646334&amp;vn_campaign=Header&amp;vn_medium=Menu-GiaiTri&amp;vn_term=Desktop&amp;vn_test=B" data-itm-added="1">Giải trí</a></span></li>
<li><span style="font-family: 'times new roman', times;"><a title="Sách" href="https://vnexpress.net/giai-tri/sach" data-medium="Menu-Sach" data-itm-source="#vn_source=Detail-GiaiTri_Sach_DiemSach-4646334&amp;vn_campaign=Header&amp;vn_medium=Menu-Sach&amp;vn_term=Desktop&amp;vn_test=B" data-itm-added="1">Sách</a></span></li>
<li><span style="font-family: 'times new roman', times;"><a title="Điểm sách" href="https://vnexpress.net/giai-tri/sach/diem-sach" data-medium="Menu-DiemSach" data-itm-source="#vn_source=Detail-GiaiTri_Sach_DiemSach-4646334&amp;vn_campaign=Header&amp;vn_medium=Menu-DiemSach&amp;vn_term=Desktop&amp;vn_test=B" data-itm-added="1">Điểm sách</a></span></li>
</ul>
</li>
</ul>
<p><span style="font-family: 'times new roman', times;"><span id="parentCateDetail" data-cate="1002735"></span><span class="date">Thứ bảy, 26/8/2023, 16:58 (GMT+7)</span></span></p>
</div>
<h1 class="title-detail"><span style="font-family: 'times new roman', times;">&#8216;Hảo nữ Trung Hoa&#8217; &#8211; tập hồi ký bi thương</span></h1>
<p class="description"><span style="font-family: 'times new roman', times;">&#8216;Hảo nữ Trung Hoa&#8217; của tác giả Hân Nhiên ghi lại số phận tăm tối của những phụ nữ sống ở thời kỳ Đại Cách mạng văn hóa Trung Quốc.</span></p>
<article class="fck_detail ">
<p class="Normal"><span style="font-family: 'times new roman', times;">Cuốn sách phản ánh Trung Quốc ở thời kỳ trước và sau Đại Cách mạng Văn hóa (kéo dài 10 năm từ tháng 5/1966 đến tháng 10/1976).</span></p>
<p class="Normal"><span style="font-family: 'times new roman', times;">Tập hồi ký bao gồm 15 chương tương ứng với 15 mảnh đời phụ nữ bất hạnh, xen lẫn trong đó có cả chuyện của chính tác giả và mẹ ruột cô. Những sự thật trần trụi lần lượt được Hân Nhiên phơi bày qua từng chương. Một cô bé bị cha ruột lạm dụng tình dục suốt tuổi ấu thơ và người duy nhất em yêu quý là &#8220;một con ruồi&#8221;, một &#8220;người đàn bà nhặt rác&#8221; cam phận nhìn đứa con trai mình một tay nuôi lớn, đến khi trưởng thành chọn cách ruồng bỏ người mẹ tội nghiệp.</span></p>
<p class="Normal"><span style="font-family: 'times new roman', times;">Sách không dừng ở việc thuật lại những gì tác giả thu thập và tìm kiếm mà còn đan xen những câu hỏi nhức nhối của cô sinh viên thời đại mới dành cho Hân Nhiên. Có những điều khuất tất được giải đáp, nhưng đâu đó vẫn đầy những câu hỏi bị bỏ ngỏ. Im ắng như cách nhiều người phụ nữ Trung Hoa đã trải qua trong suốt phần đời của mình.</span></p>
<figure class="tplCaption action_thumb_added" data-size="true">
<div class="fig-picture"><span style="font-family: 'times new roman', times;"><picture><source srcset="https://i1-giaitri.vnecdn.net/2023/08/26/screen-shot-2023-08-26-at-16-3-4297-7792-1693042821.png?w=680&amp;h=0&amp;q=100&amp;dpr=1&amp;fit=crop&amp;s=-8v5JSKBw9FFx90C7ehIMg 1x, https://i1-giaitri.vnecdn.net/2023/08/26/screen-shot-2023-08-26-at-16-3-4297-7792-1693042821.png?w=1020&amp;h=0&amp;q=100&amp;dpr=1&amp;fit=crop&amp;s=ATens15_P0VojtKa1YyrdQ 1.5x, https://i1-giaitri.vnecdn.net/2023/08/26/screen-shot-2023-08-26-at-16-3-4297-7792-1693042821.png?w=680&amp;h=0&amp;q=100&amp;dpr=2&amp;fit=crop&amp;s=jx1y99Pn3UMkHCdu39YB0g 2x" data-srcset="https://i1-giaitri.vnecdn.net/2023/08/26/screen-shot-2023-08-26-at-16-3-4297-7792-1693042821.png?w=680&amp;h=0&amp;q=100&amp;dpr=1&amp;fit=crop&amp;s=-8v5JSKBw9FFx90C7ehIMg 1x, https://i1-giaitri.vnecdn.net/2023/08/26/screen-shot-2023-08-26-at-16-3-4297-7792-1693042821.png?w=1020&amp;h=0&amp;q=100&amp;dpr=1&amp;fit=crop&amp;s=ATens15_P0VojtKa1YyrdQ 1.5x, https://i1-giaitri.vnecdn.net/2023/08/26/screen-shot-2023-08-26-at-16-3-4297-7792-1693042821.png?w=680&amp;h=0&amp;q=100&amp;dpr=2&amp;fit=crop&amp;s=jx1y99Pn3UMkHCdu39YB0g 2x" /><img decoding="async" class="lazy lazied" src="https://i1-giaitri.vnecdn.net/2023/08/26/screen-shot-2023-08-26-at-16-3-4297-7792-1693042821.png?w=680&amp;h=0&amp;q=100&amp;dpr=1&amp;fit=crop&amp;s=-8v5JSKBw9FFx90C7ehIMg" alt="Bìa sách Hảo nữ Trung Hoa." data-src="https://i1-giaitri.vnecdn.net/2023/08/26/screen-shot-2023-08-26-at-16-3-4297-7792-1693042821.png?w=680&amp;h=0&amp;q=100&amp;dpr=1&amp;fit=crop&amp;s=-8v5JSKBw9FFx90C7ehIMg" data-ll-status="loaded" /></picture></span></div><figcaption>
<p class="Image"><span style="font-family: 'times new roman', times;">Bìa sách &#8220;Hảo nữ Trung Hoa&#8221; (tên tiếng Anh &#8220;The good women of China: Hidden Voices&#8221;) do họa sĩ Ai Xuan vẽ. Sách dày 356 trang, do Nhã Nam liên kết với NXB Hà Nội phát hành lần đầu 2010. Sách xuất bản lần đầu tại Anh tháng 7/2002, được dịch ra 30 thứ tiếng. Ảnh:<em> Nhã Nam</em></span></p>
</figcaption></figure>
<p class="Normal"><span style="font-family: 'times new roman', times;">Thế giới hiện đại đang tiệm cận khái niệm &#8220;bình đẳng giới&#8221;, người phụ nữ được tạo cơ hội phát triển đúng với khả năng, các cô gái trẻ không ngại chinh phục những vị trí cao và luôn cải thiện bản thân mỗi ngày. Nhưng tác phẩm của Hân Nhiên viết về một không gian mịt mù, nơi kể những câu chuyện bất hạnh về thân phận phụ nữ Trung Hoa. Câu hỏi đặt ra phía sau tập hồi ký ấy là có bao nhiêu người đã hiểu cũng như chấp nhận khái niệm bình đẳng giới và liệu đến bao giờ vấn nạn &#8220;trọng nam khinh nữ&#8221; mới thực sự biến mất?</span></p>
<p class="Normal"><span style="font-family: 'times new roman', times;">Không phải một áng tiểu thuyết trữ tình, tác giả dùng ngôi kể thứ nhất để trần thuật những ghi chép qua quãng thời gian dài trải nghiệm. Sống trong giai đoạn cuộc Đại Cách mạng Văn hóa ảnh hưởng đến hệ tư tưởng con người, hơn ai hết Hân Nhiên thấu rõ được nỗi đau người phụ nữ trong giai đoạn này phải chịu đựng.</span></p>
<p class="Normal"><span style="font-family: 'times new roman', times;">Hân Nhiên, 65 tuổi, sinh tại Bắc Kinh, là một nhà báo, người dẫn chương trình của Đài Phát thanh Nam Kinh. Trong tám năm thực hiện chương trình <em>Gửi lời trong gió đêm</em> (Khinh phong dạ thoại), Hân Nhiên tiếp nhận rất nhiều những lá thư độc giả gửi đến, với trăm nghìn cuộc đời cuộn xoáy nghiệt ngã không lối thoát. Năm 1997, bà đặt chân tới London cùng con trai, chỉ khi sống tại đây, Hân Nhiên mới có thể ghi chép lại những điều bi thương bà từng nghe và chứng kiến trong suốt tám năm làm nghề và phơi bày ở sách <em>Hảo nữ Trung Hoa</em> (tên tiếng Anh: <em>The good women of China: Hidden Voices</em>).</span></p>
<figure class="tplCaption action_thumb_added" data-size="true">
<div class="fig-picture"><span style="font-family: 'times new roman', times;"><picture><source srcset="https://i1-giaitri.vnecdn.net/2023/08/22/xinran-002-5763-1692698100.jpg?w=680&amp;h=0&amp;q=100&amp;dpr=1&amp;fit=crop&amp;s=Tcy9f6c7QPXozqDfqZo4rQ 1x, https://i1-giaitri.vnecdn.net/2023/08/22/xinran-002-5763-1692698100.jpg?w=1020&amp;h=0&amp;q=100&amp;dpr=1&amp;fit=crop&amp;s=-oMNtUrPSoNHBu8Bx2jrGw 1.5x, https://i1-giaitri.vnecdn.net/2023/08/22/xinran-002-5763-1692698100.jpg?w=680&amp;h=0&amp;q=100&amp;dpr=2&amp;fit=crop&amp;s=YVLwUmw40UullE3wFpjhBg 2x" data-srcset="https://i1-giaitri.vnecdn.net/2023/08/22/xinran-002-5763-1692698100.jpg?w=680&amp;h=0&amp;q=100&amp;dpr=1&amp;fit=crop&amp;s=Tcy9f6c7QPXozqDfqZo4rQ 1x, https://i1-giaitri.vnecdn.net/2023/08/22/xinran-002-5763-1692698100.jpg?w=1020&amp;h=0&amp;q=100&amp;dpr=1&amp;fit=crop&amp;s=-oMNtUrPSoNHBu8Bx2jrGw 1.5x, https://i1-giaitri.vnecdn.net/2023/08/22/xinran-002-5763-1692698100.jpg?w=680&amp;h=0&amp;q=100&amp;dpr=2&amp;fit=crop&amp;s=YVLwUmw40UullE3wFpjhBg 2x" /><img decoding="async" class="lazy lazied" src="https://i1-giaitri.vnecdn.net/2023/08/22/xinran-002-5763-1692698100.jpg?w=680&amp;h=0&amp;q=100&amp;dpr=1&amp;fit=crop&amp;s=Tcy9f6c7QPXozqDfqZo4rQ" alt="Tác giả Hân Nhiên, ảnh chụp năm 2021. Ảnh: Mark Cocksedge" data-src="https://i1-giaitri.vnecdn.net/2023/08/22/xinran-002-5763-1692698100.jpg?w=680&amp;h=0&amp;q=100&amp;dpr=1&amp;fit=crop&amp;s=Tcy9f6c7QPXozqDfqZo4rQ" data-ll-status="loaded" /></picture></span></div><figcaption>
<p class="Image"><span style="font-family: 'times new roman', times;">Tác giả Hân Nhiên, ảnh chụp năm 2021. Ảnh: <em>Mark Cocksedge</em></span></p>
</figcaption></figure>
<p class="Normal"><span style="font-family: 'times new roman', times;">Cuốn sách 356 trang của Hân Nhiên xuất bản lần đầu tại Anh vào tháng 7/2002. Đến nay, sách được dịch ra 30 ngôn ngữ. Một số tác phẩm đã xuất bản của bà còn có: <em>Sky Burial</em> (2004), <em>Chinese Don&#8217;t Eat</em> (2006), <em>Miss Chopticks</em> (2008).</span></p>
<p class="Normal"><span style="font-family: 'times new roman', times;"><strong>Khanh Lê</strong></span></p>
</article>
]]></content:encoded>
					
					<wfw:commentRss>https://trongnhan293.github.io/DailyNews/giai-tri/hao-nu-trung-hoa-tap-hoi-ky-bi-thuong/feed/</wfw:commentRss>
			<slash:comments>0</slash:comments>
		
		
			</item>
	</channel>
</rss>
