<?xml version="1.0" encoding="UTF-8"?><rss version="2.0"
	xmlns:content="http://purl.org/rss/1.0/modules/content/"
	xmlns:wfw="http://wellformedweb.org/CommentAPI/"
	xmlns:dc="http://purl.org/dc/elements/1.1/"
	xmlns:atom="http://www.w3.org/2005/Atom"
	xmlns:sy="http://purl.org/rss/1.0/modules/syndication/"
	xmlns:slash="http://purl.org/rss/1.0/modules/slash/"
	>

<channel>
	<title>Bóng đá &#8211; Tin Tức Mỗi Ngày</title>
	<atom:link href="http://localhost/cms/category/the-thao/bong-da/feed/?simply_static_page=204" rel="self" type="application/rss+xml" />
	<link>https://trongnhan293.github.io/DailyNews</link>
	<description></description>
	<lastBuildDate>Sun, 17 Sep 2023 08:38:28 +0000</lastBuildDate>
	<language>en-US</language>
	<sy:updatePeriod>
	hourly	</sy:updatePeriod>
	<sy:updateFrequency>
	1	</sy:updateFrequency>
	<generator>https://wordpress.org/?v=6.3.1</generator>
	<item>
		<title>HLV Ten Hag: &#8216;Man Utd không khủng hoảng&#8217;</title>
		<link>https://trongnhan293.github.io/DailyNews/trang-chu/hlv-ten-hag-man-utd-khong-khung-hoang/</link>
					<comments>https://trongnhan293.github.io/DailyNews/trang-chu/hlv-ten-hag-man-utd-khong-khung-hoang/#respond</comments>
		
		<dc:creator><![CDATA[LeTrongNhan]]></dc:creator>
		<pubDate>Sun, 17 Sep 2023 08:38:28 +0000</pubDate>
				<category><![CDATA[Bóng đá]]></category>
		<category><![CDATA[Thể thao]]></category>
		<category><![CDATA[Trang chủ]]></category>
		<guid isPermaLink="false">https://trongnhan293.github.io/DailyNews/?p=124</guid>

					<description><![CDATA[ANHDù thua Brighton 1-3 ở vòng 5 Ngoại hạng Anh, HLV Erik ten Hag vẫn tự tin khẳng định Man Utd có thể xoay chuyển tình thế nếu tuân thủ kế hoạch....]]></description>
										<content:encoded><![CDATA[<p class="description"><span style="font-family: 'times new roman', times;"><span class="location-stamp">ANH</span>Dù thua Brighton 1-3 ở vòng 5 Ngoại hạng Anh, HLV Erik ten Hag vẫn tự tin khẳng định Man Utd có thể xoay chuyển tình thế nếu tuân thủ kế hoạch.</span></p>
<article class="fck_detail ">
<div class="width_common box-widget-thethao-2" data-campaign="Box-TongThuat">
<div class="logo-left"><span style="font-family: 'times new roman', times;"><img decoding="async" src="https://is.vnecdn.net/objects/teams/33.png" alt="Man Utd" /></span></div>
<div class="logo-right"><span style="font-family: 'times new roman', times;"><img decoding="async" src="https://is.vnecdn.net/objects/teams/51.png" alt="Brighton" /></span></div>
<div class="header-tt flexbox"><span style="font-family: 'times new roman', times;"><span class="date">Thứ bảy, ngày 16/9/2023, 21:00</span><a class="txt-note" title="Ngoại hạng Anh" href="https://vnexpress.net/the-thao/du-lieu-bong-da/giai-dau/premier-league/ket-qua" data-medium="Item-KetQua" data-itm-source="#vn_source=Detail-TheThao_BongDa_GiaiNgoaiHangAnh-4654089&amp;vn_campaign=Box-TongThuat&amp;vn_medium=Item-KetQua&amp;vn_term=Desktop&amp;vn_test=B" data-itm-added="1">Ngoại hạng Anh &#8211; Vòng 5</a><span class="label-status">Kết thúc</span></span></div>
<div class="team-pl flexbox"><span style="font-family: 'times new roman', times;"><span class="name-team">Man Utd</span><span class="flag-team"><img decoding="async" src="https://is.vnecdn.net/objects/teams/33.png" alt="Man Utd" /></span></span></div>
<div class="res-m"><span style="font-family: 'times new roman', times;">1 &#8211; 3<span class="sub-res">Hiệp một: 0-1</span></span></div>
<div class="team-pl team-away flexbox"><span style="font-family: 'times new roman', times;"><span class="name-team">Brighton</span><span class="flag-team"><img decoding="async" src="https://is.vnecdn.net/objects/teams/51.png" alt="Brighton" /></span></span></div>
<div id="block_dienbien" class="dienbien flexbox width_common">
<div class="left">
<div class="row"><span style="font-family: 'times new roman', times;"><span class="flag-team"><img decoding="async" src="https://s1.vnecdn.net/vnexpress/restruct/i/v804/v2_2019/pc/graphics/ball.svg" alt="icon-ball" /></span>H. Mejbri (73&#8242;)</span></div>
</div>
<div class="right">
<div class="row"><span style="font-family: 'times new roman', times;">D. Welbeck (20&#8242;)<span class="flag-team"><img decoding="async" src="https://s1.vnecdn.net/vnexpress/restruct/i/v804/v2_2019/pc/graphics/ball.svg" alt="icon-ball" /></span></span></div>
<div class="row"><span style="font-family: 'times new roman', times;">P. Gross (53&#8242;)<span class="flag-team"><img decoding="async" src="https://s1.vnecdn.net/vnexpress/restruct/i/v804/v2_2019/pc/graphics/ball.svg" alt="icon-ball" /></span></span></div>
<div class="row"><span style="font-family: 'times new roman', times;">Joao Pedro (71&#8242;)<span class="flag-team"><img decoding="async" src="https://s1.vnecdn.net/vnexpress/restruct/i/v804/v2_2019/pc/graphics/ball.svg" alt="icon-ball" /></span></span></div>
</div>
</div>
<div class="note-bot flexbox"><span style="font-family: 'times new roman', times;"><a class="btn-chitiet" title="Man Utd-Brighton" href="https://vnexpress.net/the-thao/du-lieu-bong-da/tran-dau/1035081/man-utd-brighton" data-medium="Item-ManUtd_Brighton" data-itm-source="#vn_source=Detail-TheThao_BongDa_GiaiNgoaiHangAnh-4654089&amp;vn_campaign=Box-TongThuat&amp;vn_medium=Item-ManUtd_Brighton&amp;vn_term=Desktop&amp;vn_test=B" data-itm-added="1">Chi tiết trận đấu</a></span></div>
</div>
<p class="Normal"><span style="font-family: 'times new roman', times;">&#8220;Không&#8221;, Ten Hag đáp khi được hỏi phải chăng Man Utd đang khủng hoảng, sau <a href="https://vnexpress.net/bong-da/man-utd-do-guc-truoc-brighton-4654048.html" rel="dofollow" data-itm-source="#vn_source=Detail-TheThao_BongDa_GiaiNgoaiHangAnh-4654089&amp;vn_campaign=Box-InternalLink&amp;vn_medium=Link-TranDauTrenSanOldTrafford&amp;vn_term=Desktop&amp;vn_thumb=0&amp;vn_test=B" data-itm-added="1">trận đấu trên sân Old Trafford</a> ngày 16/9. &#8220;Nhưng chúng tôi cảm thấy thất vọng, khó chịu với chính mình và sẽ giải quyết vấn đề này. Tại Man Utd, bạn được đòi hỏi phải thắng mọi trận đấu. Chúng tôi khởi đầu tốt, tạo cơ hội và phải ứng phó tốt hơn khi nhận bàn thua trước&#8221;.</span></p>
<p class="Normal"><span style="font-family: 'times new roman', times;">HLV người Hà Lan sau đó thừa nhận thất vọng với cách Man Utd khởi đầu và kết quả chung cuộc, nhưng hài lòng với lối chơi và muốn toàn đội đoàn kết. &#8220;Cuối cùng, điều quan trọng nhất là tính cách và bây giờ, chúng tôi phải xem mình mạnh mẽ đến mức nào, thể hiện bản lĩnh và gắn bó với nhau&#8221;, ông nhấn mạnh.</span></p>
<figure class="tplCaption action_thumb_added" data-size="true">
<div class="fig-picture"><span style="font-family: 'times new roman', times;"><picture><source srcset="https://i1-thethao.vnecdn.net/2023/09/17/erik-ten-hag-man-utd-v-brighto-2991-6500-1694915045.jpg?w=680&amp;h=0&amp;q=100&amp;dpr=1&amp;fit=crop&amp;s=f7G-XqM2Sco6UgKoGfNxzg 1x, https://i1-thethao.vnecdn.net/2023/09/17/erik-ten-hag-man-utd-v-brighto-2991-6500-1694915045.jpg?w=1020&amp;h=0&amp;q=100&amp;dpr=1&amp;fit=crop&amp;s=AUh9TUuW1DXgpwPtvRDSOQ 1.5x, https://i1-thethao.vnecdn.net/2023/09/17/erik-ten-hag-man-utd-v-brighto-2991-6500-1694915045.jpg?w=680&amp;h=0&amp;q=100&amp;dpr=2&amp;fit=crop&amp;s=baMQQt06rdxmFJdquQsAww 2x" data-srcset="https://i1-thethao.vnecdn.net/2023/09/17/erik-ten-hag-man-utd-v-brighto-2991-6500-1694915045.jpg?w=680&amp;h=0&amp;q=100&amp;dpr=1&amp;fit=crop&amp;s=f7G-XqM2Sco6UgKoGfNxzg 1x, https://i1-thethao.vnecdn.net/2023/09/17/erik-ten-hag-man-utd-v-brighto-2991-6500-1694915045.jpg?w=1020&amp;h=0&amp;q=100&amp;dpr=1&amp;fit=crop&amp;s=AUh9TUuW1DXgpwPtvRDSOQ 1.5x, https://i1-thethao.vnecdn.net/2023/09/17/erik-ten-hag-man-utd-v-brighto-2991-6500-1694915045.jpg?w=680&amp;h=0&amp;q=100&amp;dpr=2&amp;fit=crop&amp;s=baMQQt06rdxmFJdquQsAww 2x" /><img decoding="async" class="lazy lazied" src="https://i1-thethao.vnecdn.net/2023/09/17/erik-ten-hag-man-utd-v-brighto-2991-6500-1694915045.jpg?w=680&amp;h=0&amp;q=100&amp;dpr=1&amp;fit=crop&amp;s=f7G-XqM2Sco6UgKoGfNxzg" alt="HLV Ten Hag chỉ đạo cầu thủ ở trận đấu Brighton ở vòng 5 Ngoại hạng Anh ngày 16/9 trên sân Old Trafford. Ảnh: AFP" data-src="https://i1-thethao.vnecdn.net/2023/09/17/erik-ten-hag-man-utd-v-brighto-2991-6500-1694915045.jpg?w=680&amp;h=0&amp;q=100&amp;dpr=1&amp;fit=crop&amp;s=f7G-XqM2Sco6UgKoGfNxzg" data-ll-status="loaded" /></picture></span></div><figcaption>
<p class="Image"><span style="font-family: 'times new roman', times;">HLV Ten Hag chỉ đạo cầu thủ ở trận đấu Brighton ở vòng 5 Ngoại hạng Anh ngày 16/9 trên sân Old Trafford. Ảnh:<em> AFP</em></span></p>
</figcaption></figure>
<p class="Normal"><span style="font-family: 'times new roman', times;">Hai tuần sau khi <a href="https://vnexpress.net/bong-da/arsenal-nhan-chim-man-utd-o-phut-bu-4649163.html" rel="dofollow" data-itm-source="#vn_source=Detail-TheThao_BongDa_GiaiNgoaiHangAnh-4654089&amp;vn_campaign=Box-InternalLink&amp;vn_medium=Link-ThuaNguocArsenal&amp;vn_term=Desktop&amp;vn_thumb=0&amp;vn_test=B" data-itm-added="1">thua ngược Arsenal</a> ở vòng 4, Man Utd trở về sân nhà với kỳ vọng đánh bại Brighton &#8211; hiện tượng đang đứng trong nhóm đầu &#8211; để lấy lại thể diện cũng như tham vọng. Họ nhập cuộc không tệ, tạo nhiều cơ hội nhưng Marcus Rashford và đồng đội không tận dụng thành công. Ở phía dưới, hệ thống phòng ngự của họ dần vụn vỡ trước những đợt lên bóng tốc độ và hiệu quả của Brighton. Đội khách thậm chí ghi ba bàn chỉ trong bảy pha dứt điểm đầu tiên, lần lượt nhờ công Danny Welbeck, Pascal Gross và Joao Pedro.</span></p>
<p class="Normal"><span style="font-family: 'times new roman', times;"><a href="https://vnexpress.net/chu-de/manchester-united-116" rel="dofollow" data-itm-source="#vn_source=Detail-TheThao_BongDa_GiaiNgoaiHangAnh-4654089&amp;vn_campaign=Box-InternalLink&amp;vn_medium=Link-ManUtd&amp;vn_term=Desktop&amp;vn_thumb=0&amp;vn_test=B" data-itm-added="1">Man Utd</a> cũng kém may mắn. Sau khi tân binh Rasmus Hojlund chọc thủng lưới đội khách phút 40, VAR vào cuộc và xác định trước khi chuyền vào cho đồng đội, Rashford đã để bóng trôi hết biên ngang với khoảng cách rất nhỏ. Man Utd chỉ gỡ một bàn ở gần giữa hiệp hai, nhờ tuyệt phẩm sút xa của tiền vệ 20 tuổi Hannibal Mejbri.</span></p>
<p class="Normal"><span style="font-family: 'times new roman', times;">Đây là thất bại đầu tiên của Man Utd ở Ngoại hạng Anh trên sân Old Trafford, kể từ khi thua chính Brighton 0-2 tại vòng 1 mùa trước. Đây cũng là lần đầu tiên trong lịch sử, &#8220;Quỷ đỏ&#8221; thua ba trong năm trận đầu tiên ở Ngoại hạng Anh. Trước đó, họ gục ngã khi làm khách của Arsenal, Tottenham và thắng Wolves, Nottingham Forest.</span></p>
<p class="Normal"><span style="font-family: 'times new roman', times;">Khi được hỏi về bàn bị khước từ của Hojlund, <a href="https://vnexpress.net/chu-de/erik-ten-hag-4506" rel="dofollow" data-itm-source="#vn_source=Detail-TheThao_BongDa_GiaiNgoaiHangAnh-4654089&amp;vn_campaign=Box-InternalLink&amp;vn_medium=Link-TenHag&amp;vn_term=Desktop&amp;vn_thumb=0&amp;vn_test=B" data-itm-added="1">Ten Hag</a> cho rằng Man Utd thiếu may mắn ở những thời điểm quyết định. HLV 53 tuổi còn nhắc lại việc đội nhà bị khước từ một quả phạt đền và một bàn khi tỷ số đang là 1-1 ở trận thua trên sân Arsenal. &#8220;Trận này, Man Utd chơi thực sự tốt trong hiệp một và bị từ chối một bàn&#8221;, ông nói thêm. &#8220;Nếu đoàn kết, bám sát kế hoạch, tuân thủ các quy tắc và phong cách thi đấu, chúng tôi sẽ xoay chuyển được tình thế. Đó chắc chắn là yêu cầu với Man Utd&#8221;.</span></p>
<p class="Normal"><span style="font-family: 'times new roman', times;">Phút 64, khi Man Utd bị dẫn 0-2, Ten Hag bất ngờ rút Hojlund và thay bằng Anthony Martial &#8211; tiền đạo chỉ ghi hai bàn trong 15 trận gần nhất. Nhiều khán giả chủ nhà đã la ó, trước khi dành những tràng pháo tay tán thưởng màn trình diễn của trung phong Đan Mạch. Ten Hag giải thích Hojlund gặp vấn đề khi đến Man Utd và chưa đủ thể lực để đá trọn 90 phút, đồng thời bảo vệ Martial khi cho rằng tiền đạo Pháp luôn tạo tác động tích cực mỗi khi ra sân mùa trước.</span></p>
<p class="Normal"><span style="font-family: 'times new roman', times;">Ngày 20/9, Man Utd sẽ hành quân tới sân của Bayern đá lượt đầu bảng A Champions League. Ten Hag đánh giá Bayern là một trong những ứng viên vô địch nên đội bóng của ông cần thi đấu tốt, phải cho thấy nghị lực, niềm tin, sự kiên cường và quyết tâm.</span></p>
</article>
]]></content:encoded>
					
					<wfw:commentRss>https://trongnhan293.github.io/DailyNews/trang-chu/hlv-ten-hag-man-utd-khong-khung-hoang/feed/</wfw:commentRss>
			<slash:comments>0</slash:comments>
		
		
			</item>
	</channel>
</rss>
