<?xml version="1.0" encoding="UTF-8"?><rss version="2.0"
	xmlns:content="http://purl.org/rss/1.0/modules/content/"
	xmlns:dc="http://purl.org/dc/elements/1.1/"
	xmlns:atom="http://www.w3.org/2005/Atom"
	xmlns:sy="http://purl.org/rss/1.0/modules/syndication/"
	
	>
<channel>
	<title>
	Comments for Tin Tức Mỗi Ngày	</title>
	<atom:link href="http://localhost/cms/comments/feed/?simply_static_page=175" rel="self" type="application/rss+xml" />
	<link>https://trongnhan293.github.io/DailyNews</link>
	<description></description>
	<lastBuildDate>Sun, 17 Sep 2023 09:33:33 +0000</lastBuildDate>
	<sy:updatePeriod>
	hourly	</sy:updatePeriod>
	<sy:updateFrequency>
	1	</sy:updateFrequency>
	<generator>https://wordpress.org/?v=6.3.1</generator>
</channel>
</rss>
