<?xml version="1.0" encoding="UTF-8"?><rss version="2.0"
	xmlns:content="http://purl.org/rss/1.0/modules/content/"
	xmlns:dc="http://purl.org/dc/elements/1.1/"
	xmlns:atom="http://www.w3.org/2005/Atom"
	xmlns:sy="http://purl.org/rss/1.0/modules/syndication/"
	
	>
<channel>
	<title>
	Comments on: Djokovic đánh bại Medvedev như thế nào	</title>
	<atom:link href="http://localhost/cms/trang-chu/djokovic-danh-bai-medvedev-nhu-the-nao/feed/?simply_static_page=209" rel="self" type="application/rss+xml" />
	<link>https://trongnhan293.github.io/DailyNews/trang-chu/djokovic-danh-bai-medvedev-nhu-the-nao/</link>
	<description></description>
	<lastBuildDate>Sun, 17 Sep 2023 09:23:43 +0000</lastBuildDate>
	<sy:updatePeriod>
	hourly	</sy:updatePeriod>
	<sy:updateFrequency>
	1	</sy:updateFrequency>
	<generator>https://wordpress.org/?v=6.3.1</generator>
</channel>
</rss>
