<?xml version="1.0" encoding="UTF-8"?><rss version="2.0"
	xmlns:content="http://purl.org/rss/1.0/modules/content/"
	xmlns:dc="http://purl.org/dc/elements/1.1/"
	xmlns:atom="http://www.w3.org/2005/Atom"
	xmlns:sy="http://purl.org/rss/1.0/modules/syndication/"
	
	>
<channel>
	<title>
	Comments on: Trung Quân Idol chi 10 tỷ đồng làm live concert	</title>
	<atom:link href="http://localhost/cms/trang-chu/trung-quan-idol-chi-10-ty-dong-lam-live-concert/feed/?simply_static_page=219" rel="self" type="application/rss+xml" />
	<link>https://trongnhan293.github.io/DailyNews/trang-chu/trung-quan-idol-chi-10-ty-dong-lam-live-concert/</link>
	<description></description>
	<lastBuildDate>Mon, 11 Sep 2023 03:49:48 +0000</lastBuildDate>
	<sy:updatePeriod>
	hourly	</sy:updatePeriod>
	<sy:updateFrequency>
	1	</sy:updateFrequency>
	<generator>https://wordpress.org/?v=6.3.1</generator>
</channel>
</rss>
