<?xml version="1.0" encoding="UTF-8"?><rss version="2.0"
	xmlns:content="http://purl.org/rss/1.0/modules/content/"
	xmlns:dc="http://purl.org/dc/elements/1.1/"
	xmlns:atom="http://www.w3.org/2005/Atom"
	xmlns:sy="http://purl.org/rss/1.0/modules/syndication/"
	
	>
<channel>
	<title>
	Comments on: HLV Ten Hag: &#8216;Man Utd không khủng hoảng&#8217;	</title>
	<atom:link href="http://localhost/cms/trang-chu/hlv-ten-hag-man-utd-khong-khung-hoang/feed/?simply_static_page=217" rel="self" type="application/rss+xml" />
	<link>https://trongnhan293.github.io/DailyNews/trang-chu/hlv-ten-hag-man-utd-khong-khung-hoang/</link>
	<description></description>
	<lastBuildDate>Sun, 17 Sep 2023 08:38:28 +0000</lastBuildDate>
	<sy:updatePeriod>
	hourly	</sy:updatePeriod>
	<sy:updateFrequency>
	1	</sy:updateFrequency>
	<generator>https://wordpress.org/?v=6.3.1</generator>
</channel>
</rss>
