<?xml version="1.0" encoding="UTF-8"?><rss version="2.0"
	xmlns:content="http://purl.org/rss/1.0/modules/content/"
	xmlns:wfw="http://wellformedweb.org/CommentAPI/"
	xmlns:dc="http://purl.org/dc/elements/1.1/"
	xmlns:atom="http://www.w3.org/2005/Atom"
	xmlns:sy="http://purl.org/rss/1.0/modules/syndication/"
	xmlns:slash="http://purl.org/rss/1.0/modules/slash/"
	>

<channel>
	<title>Tennis &#8211; Tin Tức Mỗi Ngày</title>
	<atom:link href="http://localhost/cms/category/the-thao/tennis/feed/?simply_static_page=206" rel="self" type="application/rss+xml" />
	<link>https://trongnhan293.github.io/DailyNews</link>
	<description></description>
	<lastBuildDate>Sun, 17 Sep 2023 09:23:43 +0000</lastBuildDate>
	<language>en-US</language>
	<sy:updatePeriod>
	hourly	</sy:updatePeriod>
	<sy:updateFrequency>
	1	</sy:updateFrequency>
	<generator>https://wordpress.org/?v=6.3.1</generator>
	<item>
		<title>Djokovic đánh bại Medvedev như thế nào</title>
		<link>https://trongnhan293.github.io/DailyNews/trang-chu/djokovic-danh-bai-medvedev-nhu-the-nao/</link>
					<comments>https://trongnhan293.github.io/DailyNews/trang-chu/djokovic-danh-bai-medvedev-nhu-the-nao/#respond</comments>
		
		<dc:creator><![CDATA[LeTrongNhan]]></dc:creator>
		<pubDate>Sun, 17 Sep 2023 08:45:43 +0000</pubDate>
				<category><![CDATA[Tennis]]></category>
		<category><![CDATA[Thể thao]]></category>
		<category><![CDATA[Trang chủ]]></category>
		<guid isPermaLink="false">https://trongnhan293.github.io/DailyNews/?p=142</guid>

					<description><![CDATA[Daniil Medvedev muốn bào mòn thể lực của Novak Djokovic ở chung kết Mỹ Mở rộng 2023, nhưng bất thành trước bản lĩnh của tay vợt số một thế giới. Trận đấu...]]></description>
										<content:encoded><![CDATA[<p class="description"><span style="font-family: 'times new roman', times;">Daniil Medvedev muốn bào mòn thể lực của Novak Djokovic ở chung kết Mỹ Mở rộng 2023, nhưng bất thành trước bản lĩnh của tay vợt số một thế giới.</span></p>
<article class="fck_detail ">
<p class="Normal"><span style="font-family: 'times new roman', times;">Trận đấu giữa Djokovic và Medvedev chỉ diễn ra trong ba set với tỷ số <a href="https://vnexpress.net/djokovic-lan-thu-tu-vo-dich-my-mo-rong-4651681.html" rel="dofollow" data-itm-source="#vn_source=Detail-TheThao_Tennis-4651794&amp;vn_campaign=Box-InternalLink&amp;vn_medium=Link-63,76(5),63&amp;vn_term=Desktop&amp;vn_thumb=0&amp;vn_test=B" data-itm-added="1">6-3, 7-6(5), 6-3</a>, nhưng dài tới ba giờ 17 phút. 25% điểm số trong trận đến sau những loạt bóng dài từ chín lần chạm vợt trở lên. Điểm đầu tiên trong trận dài 19 lần chạm vợt, và điểm thứ ba dài 23 lần. Djokovic thắng cả hai điểm đó, nhưng ý định của Medvedev không đổi. Tay vợt Nga muốn trận chung kết là cuộc đấu của phổi và đôi chân.</span></p>
<p class="Normal"><span style="font-family: 'times new roman', times;">Trận đấu chứng kiến các loạt bóng dài trung bình 6,3 lần chạm vợt. Để so sánh, con số này ở trận bán kết giữa Medvedev và Carlos Alcaraz là 4,4 lần, còn trận Djokovic &#8211; Ben Shelton là 4,2 lần. Ở chung kết, Medvedev phải chạy 25 m cho mỗi điểm số, còn Djokovic là 26 m. Đây đều là những quãng đường cao hơn đáng kể so với các trận đấu trước của họ tại giải.</span></p>
<figure class="tplCaption action_thumb_added" data-size="true">
<div class="fig-picture"><span style="font-family: 'times new roman', times;"><picture><source srcset="https://i1-thethao.vnecdn.net/2023/09/11/2swbmexc4thwk4nrjfarazvsxa-169-3300-2957-1694422764.jpg?w=680&amp;h=0&amp;q=100&amp;dpr=1&amp;fit=crop&amp;s=tMSwmkD9jfVGJkpipSH4PQ 1x, https://i1-thethao.vnecdn.net/2023/09/11/2swbmexc4thwk4nrjfarazvsxa-169-3300-2957-1694422764.jpg?w=1020&amp;h=0&amp;q=100&amp;dpr=1&amp;fit=crop&amp;s=NzjwbhnEYmn-fO1xasoeeA 1.5x, https://i1-thethao.vnecdn.net/2023/09/11/2swbmexc4thwk4nrjfarazvsxa-169-3300-2957-1694422764.jpg?w=680&amp;h=0&amp;q=100&amp;dpr=2&amp;fit=crop&amp;s=ofZdLUSJ_NE0N6_-184OMA 2x" data-srcset="https://i1-thethao.vnecdn.net/2023/09/11/2swbmexc4thwk4nrjfarazvsxa-169-3300-2957-1694422764.jpg?w=680&amp;h=0&amp;q=100&amp;dpr=1&amp;fit=crop&amp;s=tMSwmkD9jfVGJkpipSH4PQ 1x, https://i1-thethao.vnecdn.net/2023/09/11/2swbmexc4thwk4nrjfarazvsxa-169-3300-2957-1694422764.jpg?w=1020&amp;h=0&amp;q=100&amp;dpr=1&amp;fit=crop&amp;s=NzjwbhnEYmn-fO1xasoeeA 1.5x, https://i1-thethao.vnecdn.net/2023/09/11/2swbmexc4thwk4nrjfarazvsxa-169-3300-2957-1694422764.jpg?w=680&amp;h=0&amp;q=100&amp;dpr=2&amp;fit=crop&amp;s=ofZdLUSJ_NE0N6_-184OMA 2x" /><img decoding="async" class="lazy lazied" src="https://i1-thethao.vnecdn.net/2023/09/11/2swbmexc4thwk4nrjfarazvsxa-169-3300-2957-1694422764.jpg?w=680&amp;h=0&amp;q=100&amp;dpr=1&amp;fit=crop&amp;s=tMSwmkD9jfVGJkpipSH4PQ" alt="Medvedev (trái) ngã xuống sau một nỗ lực cứu bóng ở trận chung kết với Djokovic. Ảnh: USO" data-src="https://i1-thethao.vnecdn.net/2023/09/11/2swbmexc4thwk4nrjfarazvsxa-169-3300-2957-1694422764.jpg?w=680&amp;h=0&amp;q=100&amp;dpr=1&amp;fit=crop&amp;s=tMSwmkD9jfVGJkpipSH4PQ" data-ll-status="loaded" /></picture></span></div><figcaption>
<p class="Image"><span style="font-family: 'times new roman', times;">Medvedev (trái) ngã xuống sau một nỗ lực cứu bóng ở trận chung kết với Djokovic. Ảnh: <em>USO</em></span></p>
</figcaption></figure>
<p class="Normal"><span style="font-family: 'times new roman', times;">Ngay từ những điểm đầu tiên, <a href="https://vnexpress.net/chu-de/daniil-medvedev-198" rel="dofollow" data-itm-source="#vn_source=Detail-TheThao_Tennis-4651794&amp;vn_campaign=Box-InternalLink&amp;vn_medium=Link-Medvedev&amp;vn_term=Desktop&amp;vn_thumb=0&amp;vn_test=B" data-itm-added="1">Medvedev</a> thể hiện rõ quan điểm đứng sâu ở cuối sân và không tràn lên. Trong quần vợt, rất hiếm có trận đấu nào mà số loạt bóng từ 9 lần chạm vợt trở lên nhiều hơn số loạt bóng từ 5-8 lần chạm vợt. Trận chung kết ở New York hôm qua là một cuộc đọ sức như vậy, do phong cách chơi kiên cường của Medvedev tạo ra.</span></p>
<p class="Normal"><span style="font-family: 'times new roman', times;">Trong 54 loạt bóng dài từ chín lần chạm vợt trở lên, Medvedev thắng 28, còn <a href="https://vnexpress.net/chu-de/novak-djokovic-352" rel="dofollow" data-itm-source="#vn_source=Detail-TheThao_Tennis-4651794&amp;vn_campaign=Box-InternalLink&amp;vn_medium=Link-Djokovic&amp;vn_term=Desktop&amp;vn_thumb=0&amp;vn_test=B" data-itm-added="1">Djokovic</a> thắng 26. Vấn đề của Medvedev là anh lép vế trước đối thủ ở những pha bóng từ tám lần chạm vợt trở xuống, khi chỉ thắng 68 so với 92 của đàn anh. Trong 47 pha bóng dài từ 5-8 lần chạm vợt, Djokovic thắng 29 còn Medvedev chỉ thắng 18. Ở các pha bóng dài từ bốn lần chạm vợt trở xuống, Djokovic thắng 63 và Medvedev thắng 50.</span></p>
<p class="Normal"><span style="font-family: 'times new roman', times;">Djokovic thích nghi tốt với chiến thuật của Medvedev. Tay vợt Serbia chắc hẳn cảm thấy như phải thi đấu với một bức tường chắc chắn, nên anh lên lưới thường xuyên để kết thúc nhanh điểm số. Điều này khiến Medvedev thường xuyên phải đánh những cú passing trong cả trận.</span></p>
<p class="Normal"><span style="font-family: 'times new roman', times;">Trong khi Medvedev không giao bóng lên lưới lần nào, Djokovic làm điều này 22 lần và thành công tới 20 lần. Xét tổng điểm trên lưới, Djokovic thắng 37 trong số 44 lần, còn Medvedev thắng 16 trong 22 điểm tràn lưới.</span></p>
<figure class="tplCaption action_thumb_added" data-size="true">
<div class="fig-picture"><span style="font-family: 'times new roman', times;"><picture><source srcset="https://i1-thethao.vnecdn.net/2023/09/11/ap23253833522316-417efd6067055-3335-7782-1694422764.jpg?w=680&amp;h=0&amp;q=100&amp;dpr=1&amp;fit=crop&amp;s=c5_L0-GPkap9-ND6enwAWw 1x, https://i1-thethao.vnecdn.net/2023/09/11/ap23253833522316-417efd6067055-3335-7782-1694422764.jpg?w=1020&amp;h=0&amp;q=100&amp;dpr=1&amp;fit=crop&amp;s=CgcH3tT0BfQVnV8hH2C7rQ 1.5x, https://i1-thethao.vnecdn.net/2023/09/11/ap23253833522316-417efd6067055-3335-7782-1694422764.jpg?w=680&amp;h=0&amp;q=100&amp;dpr=2&amp;fit=crop&amp;s=km7Y-VzMXakcHbxpaMPkUw 2x" data-srcset="https://i1-thethao.vnecdn.net/2023/09/11/ap23253833522316-417efd6067055-3335-7782-1694422764.jpg?w=680&amp;h=0&amp;q=100&amp;dpr=1&amp;fit=crop&amp;s=c5_L0-GPkap9-ND6enwAWw 1x, https://i1-thethao.vnecdn.net/2023/09/11/ap23253833522316-417efd6067055-3335-7782-1694422764.jpg?w=1020&amp;h=0&amp;q=100&amp;dpr=1&amp;fit=crop&amp;s=CgcH3tT0BfQVnV8hH2C7rQ 1.5x, https://i1-thethao.vnecdn.net/2023/09/11/ap23253833522316-417efd6067055-3335-7782-1694422764.jpg?w=680&amp;h=0&amp;q=100&amp;dpr=2&amp;fit=crop&amp;s=km7Y-VzMXakcHbxpaMPkUw 2x" /><img decoding="async" class="lazy lazied" src="https://i1-thethao.vnecdn.net/2023/09/11/ap23253833522316-417efd6067055-3335-7782-1694422764.jpg?w=680&amp;h=0&amp;q=100&amp;dpr=1&amp;fit=crop&amp;s=c5_L0-GPkap9-ND6enwAWw" alt="Djokovic chỉ thua hai điểm khi giao bóng lên lưới ở chung kết với Medvedev. Ảnh: AP" data-src="https://i1-thethao.vnecdn.net/2023/09/11/ap23253833522316-417efd6067055-3335-7782-1694422764.jpg?w=680&amp;h=0&amp;q=100&amp;dpr=1&amp;fit=crop&amp;s=c5_L0-GPkap9-ND6enwAWw" data-ll-status="loaded" /></picture></span></div><figcaption>
<p class="Image"><span style="font-family: 'times new roman', times;">Djokovic chỉ thua hai điểm khi giao bóng lên lưới ở chung kết với Medvedev. Ảnh: <em>AP</em></span></p>
</figcaption></figure>
<p class="Normal"><span style="font-family: 'times new roman', times;">Sau trận, Medvedev thừa nhận anh thua Djokovic vì <a href="https://vnexpress.net/medvedev-toi-thua-djokovic-vi-cung-dau-4651834.html" rel="dofollow" data-itm-source="#vn_source=Detail-TheThao_Tennis-4651794&amp;vn_campaign=Box-InternalLink&amp;vn_medium=Link-CungDau&amp;vn_term=Desktop&amp;vn_thumb=0&amp;vn_test=B" data-itm-added="1">cứng đầu</a> với việc lùi sâu trả giao bóng. Tay vợt Nga lẽ ra cũng nên tràn lưới nhiều hơn. Ở trận chung kết Mỹ Mở rộng 2019 với Rafael Nadal, Medvedev thua sau năm set nhưng không lép vế nhiều về thế trận. Khi đó, anh lên lưới 74 lần, thắng 50 điểm và đạt tỷ lệ 68%. Medvedev cũng thắng 76% số điểm trong 29 lần giao bóng lên lưới. Khi gặp Djokovic, tay vợt Nga chỉ tràn lưới một nửa số lần so với đối thủ, và không giao bóng lên lưới lần nào. Điều này khiến anh không tạo được áp lực đủ lớn và để Nole thoải mái chơi theo cách của bản thân.</span></p>
<p class="Normal"><span style="font-family: 'times new roman', times;">Trong hầu hết các cuộc đối đầu gần đây, bao gồm cả trận thắng của Medvedev trước Djokovic ở chung kết Mỹ Mở rộng năm 2021, tay vợt Nga không hề lép vế đàn anh ở cú trái. Vậy nên, Djokovic hướng nhiều vào việc đôi công thuận tay chéo sân với đàn em trong các loạt rally. Medvedev cần những cú thuận dọc dây chất lượng để tránh rơi vào thế này, nhưng anh không làm được điều đó nhiều lần ở chung kết.</span></p>
<p class="Normal"><span style="font-family: 'times new roman', times;">Những cú thuận tay là điểm mạnh nhất của Djokovic hiện tại, mang đến thành công cho anh tại Australia Mở rộng cũng như Roland Garros năm nay. Ở trận gặp Medvedev, số winner của Nole với đối thủ là tương đương, nhưng anh khiến đối thủ mắc 40 lỗi đánh hỏng từ cú đánh này, so với 28 của bản thân. Ở cú trái, Djokovic đánh hỏng 29 lần còn Medvedev là 32 lần.</span></p>
<p class="Normal"><span style="font-family: 'times new roman', times;">Tỷ lệ thắng điểm từ cuối sân của Djokovic là 48,8% (59/121), còn của Medvedev là 38% (52/137). Việc Medvedev không thay đổi cách chơi khiến anh tệ đi trong set ba, khi đối thủ bắt bài và có lợi thế tâm lý nhờ thắng trước hai set. Tay vợt 27 tuổi chỉ thắng 27,6% điểm từ baseline trong set ba (8/29), lép vế trước Nole.</span></p>
<figure class="tplCaption action_thumb_added" data-size="true">
<div class="action_thumb flexbox"></div>
<div class="fig-picture"><span style="font-family: 'times new roman', times;"><picture><source srcset="https://i1-thethao.vnecdn.net/2023/09/11/asd-1694410831800-169441123956-5164-8624-1694422764.jpg?w=680&amp;h=0&amp;q=100&amp;dpr=1&amp;fit=crop&amp;s=S2cq39_qmiulo_dIkpZ-TQ 1x, https://i1-thethao.vnecdn.net/2023/09/11/asd-1694410831800-169441123956-5164-8624-1694422764.jpg?w=1020&amp;h=0&amp;q=100&amp;dpr=1&amp;fit=crop&amp;s=aCTVDixDTrVmHUAavAbqsw 1.5x, https://i1-thethao.vnecdn.net/2023/09/11/asd-1694410831800-169441123956-5164-8624-1694422764.jpg?w=680&amp;h=0&amp;q=100&amp;dpr=2&amp;fit=crop&amp;s=M_hiuIgENQaIZMTqCKabag 2x" data-srcset="https://i1-thethao.vnecdn.net/2023/09/11/asd-1694410831800-169441123956-5164-8624-1694422764.jpg?w=680&amp;h=0&amp;q=100&amp;dpr=1&amp;fit=crop&amp;s=S2cq39_qmiulo_dIkpZ-TQ 1x, https://i1-thethao.vnecdn.net/2023/09/11/asd-1694410831800-169441123956-5164-8624-1694422764.jpg?w=1020&amp;h=0&amp;q=100&amp;dpr=1&amp;fit=crop&amp;s=aCTVDixDTrVmHUAavAbqsw 1.5x, https://i1-thethao.vnecdn.net/2023/09/11/asd-1694410831800-169441123956-5164-8624-1694422764.jpg?w=680&amp;h=0&amp;q=100&amp;dpr=2&amp;fit=crop&amp;s=M_hiuIgENQaIZMTqCKabag 2x" /><img decoding="async" class="lazy lazied" src="https://i1-thethao.vnecdn.net/2023/09/11/asd-1694410831800-169441123956-5164-8624-1694422764.jpg?w=680&amp;h=0&amp;q=100&amp;dpr=1&amp;fit=crop&amp;s=S2cq39_qmiulo_dIkpZ-TQ" alt="Djokovic (phải) nâng cup vô địch bên cạnh á quân Medvedev. Ảnh: AP" data-src="https://i1-thethao.vnecdn.net/2023/09/11/asd-1694410831800-169441123956-5164-8624-1694422764.jpg?w=680&amp;h=0&amp;q=100&amp;dpr=1&amp;fit=crop&amp;s=S2cq39_qmiulo_dIkpZ-TQ" data-ll-status="loaded" /></picture></span></div><figcaption>
<p class="Image"><span style="font-family: 'times new roman', times;">Djokovic (phải) nâng cup vô địch bên cạnh á quân Medvedev. Ảnh: <em>AP</em></span></p>
</figcaption></figure>
<p class="Normal"><span style="font-family: 'times new roman', times;">Medvedev muốn bào mòn sức của Nole qua những loạt bóng dai dẳng, nhưng anh không giữ được Nole ở lại với trận đấu quá ba set. Ở set hai, tay vợt Nga có cơ hội thắng nhưng không tận dụng được. Nhờ đấu pháp hợp lý và khả năng thích nghi tốt, Djokovic đã đánh bại một Medvedev bảo thủ để giành Grand Slam thứ 24.</span></p>
</article>
]]></content:encoded>
					
					<wfw:commentRss>https://trongnhan293.github.io/DailyNews/trang-chu/djokovic-danh-bai-medvedev-nhu-the-nao/feed/</wfw:commentRss>
			<slash:comments>0</slash:comments>
		
		
			</item>
	</channel>
</rss>
