<?xml version="1.0" encoding="UTF-8"?><rss version="2.0"
	xmlns:content="http://purl.org/rss/1.0/modules/content/"
	xmlns:dc="http://purl.org/dc/elements/1.1/"
	xmlns:atom="http://www.w3.org/2005/Atom"
	xmlns:sy="http://purl.org/rss/1.0/modules/syndication/"
	
	>
<channel>
	<title>
	Comments on: Ấn Độ kiêu hãnh trong &#8216;Những đứa con của nửa đêm&#8217;	</title>
	<atom:link href="http://localhost/cms/trang-chu/an-do-kieu-hanh-trong-nhung-dua-con-cua-nua-dem/feed/?simply_static_page=221" rel="self" type="application/rss+xml" />
	<link>https://trongnhan293.github.io/DailyNews/trang-chu/an-do-kieu-hanh-trong-nhung-dua-con-cua-nua-dem/</link>
	<description></description>
	<lastBuildDate>Mon, 11 Sep 2023 03:46:25 +0000</lastBuildDate>
	<sy:updatePeriod>
	hourly	</sy:updatePeriod>
	<sy:updateFrequency>
	1	</sy:updateFrequency>
	<generator>https://wordpress.org/?v=6.3.1</generator>
</channel>
</rss>
