<?xml version="1.0" encoding="UTF-8"?><rss version="2.0"
	xmlns:content="http://purl.org/rss/1.0/modules/content/"
	xmlns:wfw="http://wellformedweb.org/CommentAPI/"
	xmlns:dc="http://purl.org/dc/elements/1.1/"
	xmlns:atom="http://www.w3.org/2005/Atom"
	xmlns:sy="http://purl.org/rss/1.0/modules/syndication/"
	xmlns:slash="http://purl.org/rss/1.0/modules/slash/"
	>

<channel>
	<title>Nhạc &#8211; Tin Tức Mỗi Ngày</title>
	<atom:link href="http://localhost/cms/category/giai-tri/nhac/feed/?simply_static_page=200" rel="self" type="application/rss+xml" />
	<link>https://trongnhan293.github.io/DailyNews</link>
	<description></description>
	<lastBuildDate>Mon, 11 Sep 2023 03:49:48 +0000</lastBuildDate>
	<language>en-US</language>
	<sy:updatePeriod>
	hourly	</sy:updatePeriod>
	<sy:updateFrequency>
	1	</sy:updateFrequency>
	<generator>https://wordpress.org/?v=6.3.1</generator>
	<item>
		<title>Trung Quân Idol chi 10 tỷ đồng làm live concert</title>
		<link>https://trongnhan293.github.io/DailyNews/trang-chu/trung-quan-idol-chi-10-ty-dong-lam-live-concert/</link>
					<comments>https://trongnhan293.github.io/DailyNews/trang-chu/trung-quan-idol-chi-10-ty-dong-lam-live-concert/#respond</comments>
		
		<dc:creator><![CDATA[LeTrongNhan]]></dc:creator>
		<pubDate>Mon, 11 Sep 2023 03:49:48 +0000</pubDate>
				<category><![CDATA[Giải trí]]></category>
		<category><![CDATA[Nhạc]]></category>
		<category><![CDATA[Trang chủ]]></category>
		<guid isPermaLink="false">https://trongnhan293.github.io/DailyNews/?p=109</guid>

					<description><![CDATA[Trung Quân Idol nói dùng số tiền 10 tỷ đồng dành dụm trong 15 năm ca hát thực hiện live concert đầu tiên. Live concert mang tên 1589, dự kiến đón khoảng 10 nghìn...]]></description>
										<content:encoded><![CDATA[<p class="description"><span style="font-family: 'times new roman', times;">Trung Quân Idol nói dùng số tiền 10 tỷ đồng dành dụm trong 15 năm ca hát thực hiện live concert đầu tiên.</span></p>
<article class="fck_detail ">
<p class="Normal"><span style="font-family: 'times new roman', times;">Live concert mang tên <em>1589, </em>dự kiến đón khoảng 10 nghìn khán giả, với hai đêm diễn tại TP HCM (ngày 28/10) và Hà Nội (10/11). Chiều 10/9, Trung Quân Idol cho biết áp lực lớn nhất trong chương trình là kinh phí thực hiện. Lúc đầu, anh cùng êkíp sản xuất tính toán giá thuê địa điểm tổ chức khoảng 500 triệu đồng nhưng thực tế lên đến con số tiền tỷ. Ngoài ra, chi phí dàn dựng sân khấu, dàn nhạc, hệ thống âm thanh, ánh sáng hiện đại đều tốn kém.</span></p>
<p class="Normal"><span style="font-family: 'times new roman', times;">&#8220;Tôi nghĩ dùng vốn tích lũy trong 15 năm ca hát để có được live concert như ao ước là hoàn toàn xứng đáng&#8221;, ca sĩ nói.</span></p>
<div>
<p class="Normal"><span style="font-family: 'times new roman', times;">Chương trình chia làm bốn chương, tái hiện hành trình âm nhạc của ca sĩ từ khi còn là chàng sinh viên kiến trúc đến thời điểm hiện tại. Trong đó, phần mở đầu gồm những ca khúc về &#8220;mưa&#8221; ghi dấu ấn với Trung Quân Idol. Theo ca sĩ, điểm nhấn là chương <em>Chưa bao giờ</em> với những thể nghiệm âm nhạc. Ca sĩ khách mời của chương trình gồm: Hà Trần, Uyên Linh, Thùy Chi và một giọng ca được giữ bí mật.</span></p>
<p class="Normal"><span style="font-family: 'times new roman', times;">Theo ca sĩ, hai năm gần đây anh thấy trưởng thành, không còn nhút nhát như trước. Vì vậy, anh mạnh dạn mời Đức Trí đảm nhận vai trò giám đốc âm nhạc cho chương trình. Nhạc sĩ nói: &#8220;Những show tôi làm chưa giờ dở. Lần này, tôi cũng sẽ mạo hiểm một chút, bước ra khỏi vùng an toàn khi chơi nhạc cùng những nghệ sĩ trẻ, không phải những tên tuổi kỳ cựu thường đồng hành trước đây&#8221;.</span></p>
</div>
<figure class="tplCaption action_thumb_added" data-size="true">
<div class="fig-picture"><span style="font-family: 'times new roman', times;"><picture><source srcset="https://i1-giaitri.vnecdn.net/2023/09/10/trung-quan-idol-6594-1694355472.jpg?w=680&amp;h=0&amp;q=100&amp;dpr=1&amp;fit=crop&amp;s=cGe9-36Ag4WBThKhnZYs5w 1x, https://i1-giaitri.vnecdn.net/2023/09/10/trung-quan-idol-6594-1694355472.jpg?w=1020&amp;h=0&amp;q=100&amp;dpr=1&amp;fit=crop&amp;s=yzEsIaCE54WaiMWxHGBlIA 1.5x, https://i1-giaitri.vnecdn.net/2023/09/10/trung-quan-idol-6594-1694355472.jpg?w=680&amp;h=0&amp;q=100&amp;dpr=2&amp;fit=crop&amp;s=ooPtd4ufsJL1rlbFN335HQ 2x" data-srcset="https://i1-giaitri.vnecdn.net/2023/09/10/trung-quan-idol-6594-1694355472.jpg?w=680&amp;h=0&amp;q=100&amp;dpr=1&amp;fit=crop&amp;s=cGe9-36Ag4WBThKhnZYs5w 1x, https://i1-giaitri.vnecdn.net/2023/09/10/trung-quan-idol-6594-1694355472.jpg?w=1020&amp;h=0&amp;q=100&amp;dpr=1&amp;fit=crop&amp;s=yzEsIaCE54WaiMWxHGBlIA 1.5x, https://i1-giaitri.vnecdn.net/2023/09/10/trung-quan-idol-6594-1694355472.jpg?w=680&amp;h=0&amp;q=100&amp;dpr=2&amp;fit=crop&amp;s=ooPtd4ufsJL1rlbFN335HQ 2x" /><img decoding="async" class="lazy lazied" src="https://i1-giaitri.vnecdn.net/2023/09/10/trung-quan-idol-6594-1694355472.jpg?w=680&amp;h=0&amp;q=100&amp;dpr=1&amp;fit=crop&amp;s=cGe9-36Ag4WBThKhnZYs5w" alt="Trung Quân Idol giới thiệu live concert kỷ niệm 15 năm ca hát trong không gian của một phòng trà tại TP HCM. Ảnh:" data-src="https://i1-giaitri.vnecdn.net/2023/09/10/trung-quan-idol-6594-1694355472.jpg?w=680&amp;h=0&amp;q=100&amp;dpr=1&amp;fit=crop&amp;s=cGe9-36Ag4WBThKhnZYs5w" data-ll-status="loaded" /></picture></span></div><figcaption>
<p class="Image"><span style="font-family: 'times new roman', times;">Trung Quân Idol giới thiệu live concert kỷ niệm 15 năm ca hát trong không gian của một phòng trà tại TP HCM, chiều 10/9. Ảnh: <em>Nhân vật cung cấp</em></span></p>
</figcaption></figure>
<p class="Normal"><span style="font-family: 'times new roman', times;"><a href="https://vnexpress.net/chu-de/trung-quan-idol-2860" rel="dofollow" data-itm-source="#vn_source=Detail-GiaiTri_Nhac_LangNhac-4651618&amp;vn_campaign=Box-InternalLink&amp;vn_medium=Link-TrungQuan&amp;vn_term=Desktop&amp;vn_thumb=0&amp;vn_test=B" data-itm-added="1">Trung Quân</a> sinh năm 1992, từng gây chú ý ở cuộc thi Vietnam Idol 2008. Anh có chất giọng nam cao, giàu cảm xúc. Ca sĩ được khán giả yêu mến qua có nhiều bài hit như: <em>Dấu mưa </em>(Phạm Toàn Thắng)<em>, Trót yêu </em>(Ái Phương). Anh cũng nổi tiếng với những bản cover, nhận được hàng chục triệu lượt nghe trên YouTube như <em>Ai chung tình được mãi</em> (Đông Thiên Đức), <em>Cô đơn trên Sofa </em>(Tăng Duy Tân), <em>Mưa tháng 6</em> (Hứa Kim Tuyền). Năm ngoái, Trung Quân cũng được chú ý tại The Masked Singer &#8211; Ca sĩ mặt nạ với tạo hình Bướm Mặt Trăng.</span></p>
</article>
]]></content:encoded>
					
					<wfw:commentRss>https://trongnhan293.github.io/DailyNews/trang-chu/trung-quan-idol-chi-10-ty-dong-lam-live-concert/feed/</wfw:commentRss>
			<slash:comments>0</slash:comments>
		
		
			</item>
	</channel>
</rss>
